window_size_minutes,window_start,window_end,high_level_event_count,chat_message_count,agent_chat_message_count,session_goal_count,agent_event_count,distinct_active_agents,overall_eligible
30,2026-05-04 16:30:00+00:00,2026-05-04 17:00:00+00:00,1,1,0,0,0,0,False
30,2026-05-04 17:00:00+00:00,2026-05-04 17:30:00+00:00,108,59,57,26,106,15,True
30,2026-05-04 17:30:00+00:00,2026-05-04 18:00:00+00:00,77,46,46,23,77,15,True
30,2026-05-04 18:00:00+00:00,2026-05-04 18:30:00+00:00,77,39,39,22,77,13,True
30,2026-05-04 18:30:00+00:00,2026-05-04 19:00:00+00:00,83,40,40,26,83,14,True
30,2026-05-04 19:00:00+00:00,2026-05-04 19:30:00+00:00,91,45,45,30,91,15,True
30,2026-05-04 19:30:00+00:00,2026-05-04 20:00:00+00:00,90,55,54,31,89,15,True
30,2026-05-04 20:00:00+00:00,2026-05-04 20:30:00+00:00,94,57,55,33,92,15,True
30,2026-05-04 20:30:00+00:00,2026-05-04 21:00:00+00:00,115,73,72,36,114,14,True
30,2026-05-04 21:00:00+00:00,2026-05-04 21:30:00+00:00,8,1,0,7,7,7,False
30,2026-05-05 16:30:00+00:00,2026-05-05 17:00:00+00:00,1,1,0,0,0,0,False
30,2026-05-05 17:00:00+00:00,2026-05-05 17:30:00+00:00,67,38,38,22,67,15,True
30,2026-05-05 17:30:00+00:00,2026-05-05 18:00:00+00:00,77,43,43,30,77,15,True
30,2026-05-05 18:00:00+00:00,2026-05-05 18:30:00+00:00,82,42,41,30,81,15,True
30,2026-05-05 18:30:00+00:00,2026-05-05 19:00:00+00:00,77,41,41,33,77,15,True
30,2026-05-05 19:00:00+00:00,2026-05-05 19:30:00+00:00,63,34,34,27,63,14,True
30,2026-05-05 19:30:00+00:00,2026-05-05 20:00:00+00:00,77,45,45,29,77,15,True
30,2026-05-05 20:00:00+00:00,2026-05-05 20:30:00+00:00,67,34,34,30,67,14,True
30,2026-05-05 20:30:00+00:00,2026-05-05 21:00:00+00:00,91,47,46,37,90,15,True
30,2026-05-05 21:00:00+00:00,2026-05-05 21:30:00+00:00,5,1,0,4,4,4,False
30,2026-05-06 16:30:00+00:00,2026-05-06 17:00:00+00:00,1,1,0,0,0,0,False
30,2026-05-06 17:00:00+00:00,2026-05-06 17:30:00+00:00,67,41,40,24,66,13,True
30,2026-05-06 17:30:00+00:00,2026-05-06 18:00:00+00:00,61,36,36,23,61,14,True
30,2026-05-06 18:00:00+00:00,2026-05-06 18:30:00+00:00,44,24,23,19,43,12,True
30,2026-05-06 18:30:00+00:00,2026-05-06 19:00:00+00:00,60,38,37,22,59,14,True
30,2026-05-06 19:00:00+00:00,2026-05-06 19:30:00+00:00,50,25,25,22,50,14,True
30,2026-05-06 19:30:00+00:00,2026-05-06 20:00:00+00:00,56,33,33,23,56,14,True
30,2026-05-06 20:00:00+00:00,2026-05-06 20:30:00+00:00,60,38,38,22,60,13,True
30,2026-05-06 20:30:00+00:00,2026-05-06 21:00:00+00:00,73,43,43,29,73,15,True
30,2026-05-06 21:00:00+00:00,2026-05-06 21:30:00+00:00,7,1,0,6,6,6,False
30,2026-05-07 16:30:00+00:00,2026-05-07 17:00:00+00:00,1,1,0,0,0,0,False
30,2026-05-07 17:00:00+00:00,2026-05-07 17:30:00+00:00,76,43,43,21,76,15,True
30,2026-05-07 17:30:00+00:00,2026-05-07 18:00:00+00:00,64,39,39,25,64,14,True
30,2026-05-07 18:00:00+00:00,2026-05-07 18:30:00+00:00,76,46,46,26,76,13,True
30,2026-05-07 18:30:00+00:00,2026-05-07 19:00:00+00:00,87,53,53,25,87,14,True
30,2026-05-07 19:00:00+00:00,2026-05-07 19:30:00+00:00,87,53,53,26,87,14,True
30,2026-05-07 19:30:00+00:00,2026-05-07 20:00:00+00:00,106,79,78,26,105,14,True
30,2026-05-07 20:00:00+00:00,2026-05-07 20:30:00+00:00,91,60,60,27,91,14,True
30,2026-05-07 20:30:00+00:00,2026-05-07 21:00:00+00:00,71,40,40,30,71,13,True
30,2026-05-07 21:00:00+00:00,2026-05-07 21:30:00+00:00,6,2,1,4,5,5,False
30,2026-05-08 16:30:00+00:00,2026-05-08 17:00:00+00:00,1,1,0,0,0,0,False
30,2026-05-08 17:00:00+00:00,2026-05-08 17:30:00+00:00,67,50,48,17,65,15,True
30,2026-05-08 17:30:00+00:00,2026-05-08 18:00:00+00:00,83,48,48,33,83,15,True
30,2026-05-08 18:00:00+00:00,2026-05-08 18:30:00+00:00,86,49,49,32,86,15,True
30,2026-05-08 18:30:00+00:00,2026-05-08 19:00:00+00:00,72,29,29,30,72,15,True
30,2026-05-08 19:00:00+00:00,2026-05-08 19:30:00+00:00,70,39,39,29,70,15,True
30,2026-05-08 19:30:00+00:00,2026-05-08 20:00:00+00:00,77,36,35,29,76,15,True
30,2026-05-08 20:00:00+00:00,2026-05-08 20:30:00+00:00,68,35,35,28,68,15,True
30,2026-05-08 20:30:00+00:00,2026-05-08 21:00:00+00:00,66,30,30,29,66,15,True
30,2026-05-08 21:00:00+00:00,2026-05-08 21:30:00+00:00,8,1,0,7,7,7,False
60,2026-05-04 16:03:38.616000+00:00,2026-05-04 17:00:00+00:00,1,1,0,0,0,0,False
60,2026-05-04 17:00:00+00:00,2026-05-04 18:00:00+00:00,185,105,103,49,183,15,True
60,2026-05-04 18:00:00+00:00,2026-05-04 19:00:00+00:00,160,79,79,48,160,14,True
60,2026-05-04 19:00:00+00:00,2026-05-04 20:00:00+00:00,181,100,99,61,180,15,True
60,2026-05-04 20:00:00+00:00,2026-05-04 21:00:00+00:00,209,130,127,69,206,15,True
60,2026-05-04 21:00:00+00:00,2026-05-04 22:00:00+00:00,8,1,0,7,7,7,False
60,2026-05-05 16:00:00+00:00,2026-05-05 17:00:00+00:00,1,1,0,0,0,0,False
60,2026-05-05 17:00:00+00:00,2026-05-05 18:00:00+00:00,144,81,81,52,144,15,True
60,2026-05-05 18:00:00+00:00,2026-05-05 19:00:00+00:00,159,83,82,63,158,15,True
60,2026-05-05 19:00:00+00:00,2026-05-05 20:00:00+00:00,140,79,79,56,140,15,True
60,2026-05-05 20:00:00+00:00,2026-05-05 21:00:00+00:00,158,81,80,67,157,15,True
60,2026-05-05 21:00:00+00:00,2026-05-05 22:00:00+00:00,5,1,0,4,4,4,False
60,2026-05-06 16:00:00+00:00,2026-05-06 17:00:00+00:00,1,1,0,0,0,0,False
60,2026-05-06 17:00:00+00:00,2026-05-06 18:00:00+00:00,128,77,76,47,127,15,True
60,2026-05-06 18:00:00+00:00,2026-05-06 19:00:00+00:00,104,62,60,41,102,14,True
60,2026-05-06 19:00:00+00:00,2026-05-06 20:00:00+00:00,106,58,58,45,106,14,True
60,2026-05-06 20:00:00+00:00,2026-05-06 21:00:00+00:00,133,81,81,51,133,15,True
60,2026-05-06 21:00:00+00:00,2026-05-06 22:00:00+00:00,7,1,0,6,6,6,False
60,2026-05-07 16:00:00+00:00,2026-05-07 17:00:00+00:00,1,1,0,0,0,0,False
60,2026-05-07 17:00:00+00:00,2026-05-07 18:00:00+00:00,140,82,82,46,140,15,True
60,2026-05-07 18:00:00+00:00,2026-05-07 19:00:00+00:00,163,99,99,51,163,14,True
60,2026-05-07 19:00:00+00:00,2026-05-07 20:00:00+00:00,193,132,131,52,192,14,True
60,2026-05-07 20:00:00+00:00,2026-05-07 21:00:00+00:00,162,100,100,57,162,14,True
60,2026-05-07 21:00:00+00:00,2026-05-07 22:00:00+00:00,6,2,1,4,5,5,False
60,2026-05-08 16:00:00+00:00,2026-05-08 17:00:00+00:00,1,1,0,0,0,0,False
60,2026-05-08 17:00:00+00:00,2026-05-08 18:00:00+00:00,150,98,96,50,148,15,True
60,2026-05-08 18:00:00+00:00,2026-05-08 19:00:00+00:00,158,78,78,62,158,15,True
60,2026-05-08 19:00:00+00:00,2026-05-08 20:00:00+00:00,147,75,74,58,146,15,True
60,2026-05-08 20:00:00+00:00,2026-05-08 21:00:00+00:00,134,65,65,57,134,15,True
60,2026-05-08 21:00:00+00:00,2026-05-08 22:00:00+00:00,8,1,0,7,7,7,False
90,2026-05-04 16:30:00+00:00,2026-05-04 18:00:00+00:00,186,106,103,49,183,15,True
90,2026-05-04 18:00:00+00:00,2026-05-04 19:30:00+00:00,251,124,124,78,251,15,True
90,2026-05-04 19:30:00+00:00,2026-05-04 21:00:00+00:00,299,185,181,100,295,15,True
90,2026-05-04 21:00:00+00:00,2026-05-04 22:30:00+00:00,8,1,0,7,7,7,False
90,2026-05-05 16:30:00+00:00,2026-05-05 18:00:00+00:00,145,82,81,52,144,15,True
90,2026-05-05 18:00:00+00:00,2026-05-05 19:30:00+00:00,222,117,116,90,221,15,True
90,2026-05-05 19:30:00+00:00,2026-05-05 21:00:00+00:00,235,126,125,96,234,15,True
90,2026-05-05 21:00:00+00:00,2026-05-05 22:30:00+00:00,5,1,0,4,4,4,False
90,2026-05-06 16:30:00+00:00,2026-05-06 18:00:00+00:00,129,78,76,47,127,15,True
90,2026-05-06 18:00:00+00:00,2026-05-06 19:30:00+00:00,154,87,85,63,152,14,True
90,2026-05-06 19:30:00+00:00,2026-05-06 21:00:00+00:00,189,114,114,74,189,15,True
90,2026-05-06 21:00:00+00:00,2026-05-06 22:30:00+00:00,7,1,0,6,6,6,False
90,2026-05-07 16:30:00+00:00,2026-05-07 18:00:00+00:00,141,83,82,46,140,15,True
90,2026-05-07 18:00:00+00:00,2026-05-07 19:30:00+00:00,250,152,152,77,250,14,True
90,2026-05-07 19:30:00+00:00,2026-05-07 21:00:00+00:00,268,179,178,83,267,14,True
90,2026-05-07 21:00:00+00:00,2026-05-07 22:30:00+00:00,6,2,1,4,5,5,False
90,2026-05-08 16:30:00+00:00,2026-05-08 18:00:00+00:00,151,99,96,50,148,15,True
90,2026-05-08 18:00:00+00:00,2026-05-08 19:30:00+00:00,228,117,117,91,228,15,True
90,2026-05-08 19:30:00+00:00,2026-05-08 21:00:00+00:00,211,101,100,86,210,15,True
90,2026-05-08 21:00:00+00:00,2026-05-08 22:30:00+00:00,8,1,0,7,7,7,False
