window_size_minutes,start,end,windows,duration_minutes
30,2026-05-18 12:26:24.346000+00:00,2026-05-18 16:30:00+00:00,9,243
30,2026-05-18 21:30:00+00:00,2026-05-19 16:30:00+00:00,38,1140
30,2026-05-19 21:30:00+00:00,2026-05-20 16:30:00+00:00,38,1140
30,2026-05-20 21:30:00+00:00,2026-05-21 16:30:00+00:00,38,1140
30,2026-05-21 21:30:00+00:00,2026-05-22 16:30:00+00:00,38,1140
30,2026-05-22 21:30:00+00:00,2026-05-25 12:03:15.101000+00:00,126,3753
60,2026-05-18 12:26:24.346000+00:00,2026-05-18 16:00:00+00:00,4,213
60,2026-05-18 22:00:00+00:00,2026-05-19 16:00:00+00:00,18,1080
60,2026-05-19 22:00:00+00:00,2026-05-20 16:00:00+00:00,18,1080
60,2026-05-20 22:00:00+00:00,2026-05-21 16:00:00+00:00,18,1080
60,2026-05-21 22:00:00+00:00,2026-05-22 16:00:00+00:00,18,1080
60,2026-05-22 22:00:00+00:00,2026-05-25 12:03:15.101000+00:00,63,3723
90,2026-05-18 12:26:24.346000+00:00,2026-05-18 16:30:00+00:00,3,243
90,2026-05-18 22:30:00+00:00,2026-05-19 16:30:00+00:00,12,1080
90,2026-05-19 22:30:00+00:00,2026-05-20 16:30:00+00:00,12,1080
90,2026-05-20 22:30:00+00:00,2026-05-21 16:30:00+00:00,12,1080
90,2026-05-21 22:30:00+00:00,2026-05-22 16:30:00+00:00,12,1080
90,2026-05-22 22:30:00+00:00,2026-05-25 12:03:15.101000+00:00,42,3693
