comparison_id,window_size_minutes,before_window_start,before_window_end,after_window_start,after_window_end,transition_timestamp,before_event_count,after_event_count,before_agent_chat_count,after_agent_chat_count,before_session_count,after_session_count,before_agent_event_count,after_agent_event_count,before_distinct_agents,after_distinct_agents,communication_eligible,intention_eligible,participation_eligible,action_type_eligible,communication_js,intention_js,participation_js,action_type_js,communication_z,intention_z,participation_z,action_type_z,aggregate_score,contributing_components,contributing_component_count,window_size_reliable
30m:2026-05-18T17:30:00+00:00,30,2026-05-18 17:00:00+00:00,2026-05-18 17:30:00+00:00,2026-05-18 17:30:00+00:00,2026-05-18 18:00:00+00:00,2026-05-18 17:30:00+00:00,72,48,29,20,22,22,70,48,15,14,True,True,True,True,0.03310818510080988,0.005935132002451971,0.09871488567656755,0.04733303194533703,-0.401645402236244,-0.7990938015972285,1.5432409165099754,0.4175351651526961,0.19000921945729976,"communication,intention,participation,action_type",4,True
30m:2026-05-18T18:00:00+00:00,30,2026-05-18 17:30:00+00:00,2026-05-18 18:00:00+00:00,2026-05-18 18:00:00+00:00,2026-05-18 18:30:00+00:00,2026-05-18 18:00:00+00:00,48,55,20,24,22,28,48,55,14,15,True,True,True,True,0.07501285286445325,0.012992489070839485,0.052256619338937466,0.012932635464408766,0.7963445729968912,0.0,0.0,-0.7762306907401666,0.005028470564181153,"communication,intention,participation,action_type",4,True
30m:2026-05-18T18:30:00+00:00,30,2026-05-18 18:00:00+00:00,2026-05-18 18:30:00+00:00,2026-05-18 18:30:00+00:00,2026-05-18 19:00:00+00:00,2026-05-18 18:30:00+00:00,55,61,24,26,28,31,55,61,15,15,True,True,True,True,0.004946768929076987,0.004423869626012053,0.07964359571690575,0.012566374381369138,-1.2067369603507967,-0.9702117407772792,0.9097348191776892,-0.7889407179492267,-0.5140386499749033,"communication,intention,participation,action_type",4,True
30m:2026-05-18T19:00:00+00:00,30,2026-05-18 18:30:00+00:00,2026-05-18 19:00:00+00:00,2026-05-18 19:00:00+00:00,2026-05-18 19:30:00+00:00,2026-05-18 19:00:00+00:00,61,55,26,26,31,29,61,55,15,15,True,True,True,True,0.010589886786048214,0.015493884349663206,0.027862419200739223,0.033781471718170836,-1.0454089035376135,0.28322918102106315,-0.8103214077170237,-0.05273237674134999,-0.406308376743731,"communication,intention,participation,action_type",4,True
30m:2026-05-18T19:30:00+00:00,30,2026-05-18 19:00:00+00:00,2026-05-18 19:30:00+00:00,2026-05-18 19:30:00+00:00,2026-05-18 20:00:00+00:00,2026-05-18 19:30:00+00:00,55,58,26,23,29,32,55,58,15,15,True,True,True,True,0.020752133558624535,0.005237761832048482,0.03149388607785863,0.028472638319382598,-0.7548859043323995,-0.8780559647963135,-0.6896921050436676,-0.23696002218754703,-0.639898499089982,"communication,intention,participation,action_type",4,True
30m:2026-05-18T20:00:00+00:00,30,2026-05-18 19:30:00+00:00,2026-05-18 20:00:00+00:00,2026-05-18 20:00:00+00:00,2026-05-18 20:30:00+00:00,2026-05-18 20:00:00+00:00,58,67,23,29,32,32,58,65,15,15,True,True,True,True,0.006078573056397825,0.008448599365327984,0.052256938620434616,0.025067596764454494,-1.1743804217879439,-0.5144977168691447,1.0605825596386399e-05,-0.3551221005933314,-0.5109974083562059,"communication,intention,participation,action_type",4,True
30m:2026-05-18T20:30:00+00:00,30,2026-05-18 20:00:00+00:00,2026-05-18 20:30:00+00:00,2026-05-18 20:30:00+00:00,2026-05-18 21:00:00+00:00,2026-05-18 20:30:00+00:00,67,52,29,11,32,32,65,49,15,15,True,True,True,True,0.07133824133135112,0.007624981600067848,0.0569991942134256,0.05659245827495212,0.691293083163777,-0.6077547031215226,0.15753785435583692,0.7388566651411637,0.24498322488481375,"communication,intention,participation,action_type",4,True
30m:2026-05-19T17:30:00+00:00,30,2026-05-19 17:00:00+00:00,2026-05-19 17:30:00+00:00,2026-05-19 17:30:00+00:00,2026-05-19 18:00:00+00:00,2026-05-19 17:30:00+00:00,59,62,34,40,21,22,57,62,15,14,True,True,True,True,0.016000908361244685,0.0067410094666561955,0.154246423666233,0.03530104497311818,-0.8907161223081274,-0.7078455226378043,3.387875861765478,0.0,0.44732855420488654,"communication,intention,participation,action_type",4,True
30m:2026-05-19T18:00:00+00:00,30,2026-05-19 17:30:00+00:00,2026-05-19 18:00:00+00:00,2026-05-19 18:00:00+00:00,2026-05-19 18:30:00+00:00,2026-05-19 18:00:00+00:00,62,49,40,18,22,26,62,49,14,15,True,True,True,True,0.06285714205557605,0.004642385037728899,0.08648170300615422,0.09153851234130901,0.4488315042140776,-0.9454695732258372,1.13688162839269,1.9515579828637983,0.6479503855611821,"communication,intention,participation,action_type",4,True
30m:2026-05-19T18:30:00+00:00,30,2026-05-19 18:00:00+00:00,2026-05-19 18:30:00+00:00,2026-05-19 18:30:00+00:00,2026-05-19 19:00:00+00:00,2026-05-19 18:30:00+00:00,49,62,18,32,26,30,49,62,15,15,True,True,True,True,0.036942121419676635,0.010226803011045648,0.031098447285413593,0.06087755627964457,-0.2920390619213467,-0.3131544239761803,-0.7028277076518558,0.8875585468183845,-0.10511566168274956,"communication,intention,participation,action_type",4,True
30m:2026-05-19T19:00:00+00:00,30,2026-05-19 18:30:00+00:00,2026-05-19 19:00:00+00:00,2026-05-19 19:00:00+00:00,2026-05-19 19:30:00+00:00,2026-05-19 19:00:00+00:00,62,63,32,35,30,28,62,63,15,15,True,True,True,True,0.018013008426988098,0.03606773460672988,0.045995256741721356,0.001127390715024443,-0.8331932773228754,2.612774938179116,-0.20798862538059107,-1.1858974255432542,0.09642390248309887,"communication,intention,participation,action_type",4,True
30m:2026-05-19T19:30:00+00:00,30,2026-05-19 19:00:00+00:00,2026-05-19 19:30:00+00:00,2026-05-19 19:30:00+00:00,2026-05-19 20:00:00+00:00,2026-05-19 19:30:00+00:00,63,53,35,20,28,30,63,53,15,15,True,True,True,True,0.019445444463852372,0.010674911209650292,0.02596349148906091,0.04594416294245074,-0.7922421350299653,-0.2624158145392504,-0.8733995889143059,0.36933849989411943,-0.3896797596473506,"communication,intention,participation,action_type",4,True
30m:2026-05-19T20:00:00+00:00,30,2026-05-19 19:30:00+00:00,2026-05-19 20:00:00+00:00,2026-05-19 20:00:00+00:00,2026-05-19 20:30:00+00:00,2026-05-19 20:00:00+00:00,53,75,20,40,30,30,53,74,15,15,True,True,True,True,0.03170845774055043,0.009505498689466495,0.03389431187160843,0.06590616986501378,-0.44166145379184685,-0.39482661469203006,-0.609955266069973,1.0620619774407856,-0.09609533927826608,"communication,intention,participation,action_type",4,True
30m:2026-05-19T20:30:00+00:00,30,2026-05-19 20:00:00+00:00,2026-05-19 20:30:00+00:00,2026-05-19 20:30:00+00:00,2026-05-19 21:00:00+00:00,2026-05-19 20:30:00+00:00,75,73,40,28,30,40,74,72,15,15,True,True,True,True,0.04363785889002041,0.01752802926726539,0.08882880128684842,0.04699451483987151,-0.10061822996276155,0.5135523146609208,1.2148470452576676,0.40578791211261955,0.5083922605171116,"communication,intention,participation,action_type",4,True
30m:2026-05-20T17:30:00+00:00,30,2026-05-20 17:00:00+00:00,2026-05-20 17:30:00+00:00,2026-05-20 17:30:00+00:00,2026-05-20 18:00:00+00:00,2026-05-20 17:30:00+00:00,58,63,34,32,21,29,56,62,16,16,True,True,True,True,0.023564287169790477,0.030843493422960253,0.02162652139150652,0.013097382285168463,-0.6744907594765953,2.021242058724978,-1.0174641491281042,-0.7705136307754984,-0.11030662016380494,"communication,intention,participation,action_type",4,True
30m:2026-05-20T18:00:00+00:00,30,2026-05-20 17:30:00+00:00,2026-05-20 18:00:00+00:00,2026-05-20 18:00:00+00:00,2026-05-20 18:30:00+00:00,2026-05-20 18:00:00+00:00,63,63,32,36,29,27,62,63,16,16,True,True,True,True,0.05996287325673662,0.021350725408953112,0.044254742587626954,0.017629862133234746,0.3660888124882663,0.9463903817463154,-0.26580465835183453,-0.613227080658446,0.10836186380607529,"communication,intention,participation,action_type",4,True
30m:2026-05-20T18:30:00+00:00,30,2026-05-20 18:00:00+00:00,2026-05-20 18:30:00+00:00,2026-05-20 18:30:00+00:00,2026-05-20 19:00:00+00:00,2026-05-20 18:30:00+00:00,63,62,36,30,27,31,63,62,16,16,True,True,True,True,0.056216217690222205,0.008353121117216415,0.057030613793714935,0.012671365837794286,0.25897769458960845,-0.5253085736125388,0.15858154336329344,-0.7852972943651324,-0.2232616575061923,"communication,intention,participation,action_type",4,True
30m:2026-05-20T19:00:00+00:00,30,2026-05-20 18:30:00+00:00,2026-05-20 19:00:00+00:00,2026-05-20 19:00:00+00:00,2026-05-20 19:30:00+00:00,2026-05-20 19:00:00+00:00,62,77,30,38,31,29,62,76,16,15,True,True,True,True,0.034811329858892154,0.021345082587800854,0.04672221654148267,0.05910396690637664,-0.35295511412653513,0.945751453693987,-0.18384062770249296,0.8260112783921183,0.3087417475642693,"communication,intention,participation,action_type",4,True
30m:2026-05-20T19:30:00+00:00,30,2026-05-20 19:00:00+00:00,2026-05-20 19:30:00+00:00,2026-05-20 19:30:00+00:00,2026-05-20 20:00:00+00:00,2026-05-20 19:30:00+00:00,77,52,38,19,29,29,76,52,15,16,True,True,True,True,0.20620173960334898,0.012773251832932824,0.07256172595631473,0.06978318435783286,4.546832992607926,-0.02482389883250407,0.6744907594765952,1.1966025059749588,1.598275589806744,"communication,intention,participation,action_type",4,True
30m:2026-05-20T20:00:00+00:00,30,2026-05-20 19:30:00+00:00,2026-05-20 20:00:00+00:00,2026-05-20 20:00:00+00:00,2026-05-20 20:30:00+00:00,2026-05-20 20:00:00+00:00,52,68,19,37,29,27,52,67,16,14,True,True,True,True,0.19399520358176078,0.022499831364547553,0.09308153850693145,0.05691842877923359,4.1978669091953265,1.0765019004913605,1.3561135754699918,0.7501685248243836,1.8451627274952656,"communication,intention,participation,action_type",4,True
30m:2026-05-20T20:30:00+00:00,30,2026-05-20 20:00:00+00:00,2026-05-20 20:30:00+00:00,2026-05-20 20:30:00+00:00,2026-05-20 21:00:00+00:00,2026-05-20 20:30:00+00:00,68,57,37,23,27,26,67,55,14,15,True,True,True,True,0.061041318642697996,0.010512545407682473,0.06531533790922425,0.0362082238434329,0.39691990673545835,-0.28080024722227637,0.43378176594876444,0.031481008109007315,0.14534560839273844,"communication,intention,participation,action_type",4,True
30m:2026-05-21T17:30:00+00:00,30,2026-05-21 17:00:00+00:00,2026-05-21 17:30:00+00:00,2026-05-21 17:30:00+00:00,2026-05-21 18:00:00+00:00,2026-05-21 17:30:00+00:00,61,59,29,26,27,31,59,59,16,16,True,True,True,True,0.04608119557379822,0.019536327759076152,0.04693847473453627,0.03806365202805821,-0.030766993585110456,0.7409488968392001,-0.17665700854577646,0.09586825481108982,0.15734828737985074,"communication,intention,participation,action_type",4,True
30m:2026-05-21T18:00:00+00:00,30,2026-05-21 17:30:00+00:00,2026-05-21 18:00:00+00:00,2026-05-21 18:00:00+00:00,2026-05-21 18:30:00+00:00,2026-05-21 18:00:00+00:00,59,61,26,22,31,32,59,60,16,16,True,True,True,True,0.23070121892221251,0.009405184074466767,0.09021044974117955,0.03669379948732277,5.2472354104954695,-0.4061850858986189,1.260742352918546,0.04833150064476316,1.5375310445400399,"communication,intention,participation,action_type",4,True
30m:2026-05-21T18:30:00+00:00,30,2026-05-21 18:00:00+00:00,2026-05-21 18:30:00+00:00,2026-05-21 18:30:00+00:00,2026-05-21 19:00:00+00:00,2026-05-21 18:30:00+00:00,61,56,22,22,32,29,60,54,16,16,True,True,True,True,0.04449680757398061,0.007778873114102363,0.01641458593975934,0.009422234451914318,-0.07606220869973683,-0.5903298011657694,-1.1905931243871382,-0.8980489631409191,-0.6887585243483909,"communication,intention,participation,action_type",4,True
30m:2026-05-21T19:00:00+00:00,30,2026-05-21 18:30:00+00:00,2026-05-21 19:00:00+00:00,2026-05-21 19:00:00+00:00,2026-05-21 19:30:00+00:00,2026-05-21 19:00:00+00:00,56,54,22,20,29,29,54,54,16,16,True,True,True,True,0.18347437897471489,0.052361363197858495,0.05477297516374171,0.025557462722286994,3.89709272142424,4.457677709362428,0.08358777835389654,-0.33812272517192016,2.025058870992161,"communication,intention,participation,action_type",4,True
30m:2026-05-21T19:30:00+00:00,30,2026-05-21 19:00:00+00:00,2026-05-21 19:30:00+00:00,2026-05-21 19:30:00+00:00,2026-05-21 20:00:00+00:00,2026-05-21 19:30:00+00:00,54,62,20,22,29,34,54,61,16,16,True,True,True,True,0.14591913531286044,0.02319043824800673,0.038077681334141356,0.008524723794593101,2.823446089070468,1.1546982670015078,-0.4709929794331599,-0.9291944639959464,0.6444892281607174,"communication,intention,participation,action_type",4,True
30m:2026-05-21T20:00:00+00:00,30,2026-05-21 19:30:00+00:00,2026-05-21 20:00:00+00:00,2026-05-21 20:00:00+00:00,2026-05-21 20:30:00+00:00,2026-05-21 20:00:00+00:00,62,58,22,18,34,36,61,58,16,16,True,True,True,True,0.07317779254698047,0.027749462795978654,0.025215894984031498,0.03985841556519571,0.743883022014548,1.6709096790515932,-0.8982330923260929,0.15815031110146063,0.41867747996037724,"communication,intention,participation,action_type",4,True
30m:2026-05-21T20:30:00+00:00,30,2026-05-21 20:00:00+00:00,2026-05-21 20:30:00+00:00,2026-05-21 20:30:00+00:00,2026-05-21 21:00:00+00:00,2026-05-21 20:30:00+00:00,58,89,18,32,36,43,58,88,16,16,True,True,True,True,0.05832679160730946,0.014804856909223483,0.028510979146454295,0.047057553912362104,0.31931575546913543,0.20521165244055328,-0.7887776798955165,0.40797550004836186,0.03593130701563352,"communication,intention,participation,action_type",4,True
30m:2026-05-22T17:30:00+00:00,30,2026-05-22 17:00:00+00:00,2026-05-22 17:30:00+00:00,2026-05-22 17:30:00+00:00,2026-05-22 18:00:00+00:00,2026-05-22 17:30:00+00:00,76,90,36,43,29,33,74,90,16,16,True,True,True,True,0.0890632757210536,0.01511713051883637,0.042862217245215835,0.01586444487756336,1.1980245439474655,0.24056991806690411,-0.3120612721924862,-0.6744907594765952,0.11301060758632206,"communication,intention,participation,action_type",4,True
30m:2026-05-22T18:00:00+00:00,30,2026-05-22 17:30:00+00:00,2026-05-22 18:00:00+00:00,2026-05-22 18:00:00+00:00,2026-05-22 18:30:00+00:00,2026-05-22 18:00:00+00:00,90,87,43,40,33,36,90,84,16,16,True,True,True,True,0.06836362885352393,0.01747221501600562,0.06250712220293056,0.024383068314925427,0.6062534892755723,0.5072325519239245,0.3404990474580801,-0.37887667245962137,0.26877710404948885,"communication,intention,participation,action_type",4,True
30m:2026-05-22T18:30:00+00:00,30,2026-05-22 18:00:00+00:00,2026-05-22 18:30:00+00:00,2026-05-22 18:30:00+00:00,2026-05-22 19:00:00+00:00,2026-05-22 18:30:00+00:00,87,89,40,48,36,34,84,87,16,16,True,True,True,True,0.022793810116657424,0.007035588742693177,0.035501467815096374,0.016438290090632822,-0.6965175129401171,-0.6744907594765952,-0.5565690980804485,-0.6545771278907012,-0.6455386245969655,"communication,intention,participation,action_type",4,True
30m:2026-05-22T19:00:00+00:00,30,2026-05-22 18:30:00+00:00,2026-05-22 19:00:00+00:00,2026-05-22 19:00:00+00:00,2026-05-22 19:30:00+00:00,2026-05-22 19:00:00+00:00,89,77,48,31,34,29,87,76,16,16,True,True,True,True,0.03410528829520358,0.02603775480699502,0.0352096165332094,0.05477299486502729,-0.3731397560897553,1.4770955881834658,-0.5662637525574507,0.6757174714978916,0.30335238775853784,"communication,intention,participation,action_type",4,True
30m:2026-05-22T19:30:00+00:00,30,2026-05-22 19:00:00+00:00,2026-05-22 19:30:00+00:00,2026-05-22 19:30:00+00:00,2026-05-22 20:00:00+00:00,2026-05-22 19:30:00+00:00,77,104,31,54,29,36,76,103,16,15,True,True,True,True,0.04715739877326097,0.03519665026531904,0.10037130319429598,0.0954107103846715,0.0,2.5141433837395946,1.5982634451081184,2.0859313705072817,1.5495845498387486,"communication,intention,participation,action_type",4,True
30m:2026-05-22T20:00:00+00:00,30,2026-05-22 19:30:00+00:00,2026-05-22 20:00:00+00:00,2026-05-22 20:00:00+00:00,2026-05-22 20:30:00+00:00,2026-05-22 20:00:00+00:00,104,88,54,37,36,37,103,87,15,15,True,True,True,True,0.06872721495204824,0.011727050625861359,0.056728012002735355,0.00782795621159802,0.6166478564048627,-0.1432836694935572,0.14852978073713108,-0.9533737594448713,-0.08286994794910868,"communication,intention,participation,action_type",4,True
30m:2026-05-22T20:30:00+00:00,30,2026-05-22 20:00:00+00:00,2026-05-22 20:30:00+00:00,2026-05-22 20:30:00+00:00,2026-05-22 21:00:00+00:00,2026-05-22 20:30:00+00:00,88,106,37,53,37,32,87,103,15,14,True,True,True,True,0.06482916633322301,0.02928635115877274,0.11195295456747358,0.018654337794621487,0.505208644079797,1.8449292096711871,1.982980303674248,-0.577675628062986,0.9388606323405615,"communication,intention,participation,action_type",4,True
60m:2026-05-18T18:00:00+00:00,60,2026-05-18 17:00:00+00:00,2026-05-18 18:00:00+00:00,2026-05-18 18:00:00+00:00,2026-05-18 19:00:00+00:00,2026-05-18 18:00:00+00:00,120,116,49,50,44,59,118,116,15,15,True,True,True,True,0.04565331074109624,0.023086041946371767,0.03451167789067314,0.050533127423861846,-0.14221516139138765,0.6744907594765952,0.7241747234280813,1.800254007227056,0.7641760821850863,"communication,intention,participation,action_type",4,True
60m:2026-05-18T19:00:00+00:00,60,2026-05-18 18:00:00+00:00,2026-05-18 19:00:00+00:00,2026-05-18 19:00:00+00:00,2026-05-18 20:00:00+00:00,2026-05-18 19:00:00+00:00,116,113,50,49,59,61,116,113,15,15,True,True,True,True,0.007391560651419954,0.01816378053694105,0.010058789809647996,0.043784527579108556,-1.0344452579188146,0.29495762069702575,-3.898267025420794,1.432948334501613,-0.8012015820352425,"communication,intention,participation,action_type",4,True
60m:2026-05-18T20:00:00+00:00,60,2026-05-18 19:00:00+00:00,2026-05-18 20:00:00+00:00,2026-05-18 20:00:00+00:00,2026-05-18 21:00:00+00:00,2026-05-18 20:00:00+00:00,113,119,49,40,61,64,113,114,15,15,True,True,True,True,0.007386087052629208,0.005490059136916679,0.027112685675189145,0.03854193460634896,-1.0345728973907669,-0.682255262339465,-0.6744907594765952,1.1476100150008304,-0.31092722605149914,"communication,intention,participation,action_type",4,True
60m:2026-05-19T18:00:00+00:00,60,2026-05-19 17:00:00+00:00,2026-05-19 18:00:00+00:00,2026-05-19 18:00:00+00:00,2026-05-19 19:00:00+00:00,2026-05-19 18:00:00+00:00,121,111,74,50,43,56,119,111,15,15,True,True,True,True,0.06166742265843731,0.0036353398613667583,0.030176053251761672,0.05727783586929403,0.23121973346632227,-0.8252642107987552,-0.0954083160818267,2.1673478829755917,0.369473772390333,"communication,intention,participation,action_type",4,True
60m:2026-05-19T19:00:00+00:00,60,2026-05-19 18:00:00+00:00,2026-05-19 19:00:00+00:00,2026-05-19 19:00:00+00:00,2026-05-19 20:00:00+00:00,2026-05-19 19:00:00+00:00,111,116,50,55,56,58,111,116,15,15,True,True,True,True,0.014602169359248228,0.02387621851868626,0.03255683131081763,0.01148461773239808,-0.8663002544015027,0.7354176728879829,0.3546410956055918,-0.32503708293883626,-0.02531964221169107,"communication,intention,participation,action_type",4,True
60m:2026-05-19T20:00:00+00:00,60,2026-05-19 19:00:00+00:00,2026-05-19 20:00:00+00:00,2026-05-19 20:00:00+00:00,2026-05-19 21:00:00+00:00,2026-05-19 20:00:00+00:00,116,148,55,68,58,70,116,146,15,15,True,True,True,True,0.02282758899954865,0.012654100254872482,0.02609003859933113,0.031623618966660556,-0.6744907594765952,-0.12986870955820445,-0.8678064333602235,0.7710672300350992,-0.22527466808998098,"communication,intention,participation,action_type",4,True
60m:2026-05-20T18:00:00+00:00,60,2026-05-20 17:00:00+00:00,2026-05-20 18:00:00+00:00,2026-05-20 18:00:00+00:00,2026-05-20 19:00:00+00:00,2026-05-20 18:00:00+00:00,121,125,66,66,50,58,118,125,16,16,True,True,True,True,0.04500305412922037,0.011802038912972003,0.020681394873095966,0.01720096327622901,-0.1573785691869487,-0.19556727544595603,-1.8902271994454882,-0.01391385829835266,-0.5642717255941864,"communication,intention,participation,action_type",4,True
60m:2026-05-20T19:00:00+00:00,60,2026-05-20 18:00:00+00:00,2026-05-20 19:00:00+00:00,2026-05-20 19:00:00+00:00,2026-05-20 20:00:00+00:00,2026-05-20 19:00:00+00:00,125,129,66,57,58,58,125,128,16,16,True,True,True,True,0.06352026371536625,0.010488087076173665,0.03068076677805521,0.05023574021442046,0.27442634453871373,-0.29688011183245944,0.0,1.7840681299285628,0.44040359065870427,"communication,intention,participation,action_type",4,True
60m:2026-05-20T20:00:00+00:00,60,2026-05-20 19:00:00+00:00,2026-05-20 20:00:00+00:00,2026-05-20 20:00:00+00:00,2026-05-20 21:00:00+00:00,2026-05-20 20:00:00+00:00,129,125,57,60,58,53,128,122,16,15,True,True,True,True,0.054947688540285866,0.014338400443800614,0.0342252080372398,0.02992500119988012,0.07452149026456621,0.0,0.6700220112449994,0.6786166542292541,0.3557900389347049,"communication,intention,participation,action_type",4,True
60m:2026-05-21T18:00:00+00:00,60,2026-05-21 17:00:00+00:00,2026-05-21 18:00:00+00:00,2026-05-21 18:00:00+00:00,2026-05-21 19:00:00+00:00,2026-05-21 18:00:00+00:00,120,117,55,44,58,61,118,114,16,16,True,True,True,True,0.1298930184450167,0.005264834679024445,0.05124112787279875,0.008058383135393468,1.8221801514197484,-0.6996212935847768,3.8866194938134426,-0.5115165649822665,1.124415446666537,"communication,intention,participation,action_type",4,True
60m:2026-05-21T19:00:00+00:00,60,2026-05-21 18:00:00+00:00,2026-05-21 19:00:00+00:00,2026-05-21 19:00:00+00:00,2026-05-21 20:00:00+00:00,2026-05-21 19:00:00+00:00,117,116,44,42,61,63,114,115,16,16,True,True,True,True,0.08702099757396271,0.02407695154454528,0.03314185455764609,0.0050640171200192876,0.8224426268566116,0.7508952814552625,0.4652307270318038,-0.6744907594765952,0.3410194689667707,"communication,intention,participation,action_type",4,True
60m:2026-05-21T20:00:00+00:00,60,2026-05-21 19:00:00+00:00,2026-05-21 20:00:00+00:00,2026-05-21 20:00:00+00:00,2026-05-21 21:00:00+00:00,2026-05-21 20:00:00+00:00,116,147,42,50,63,79,115,146,16,16,True,True,True,True,0.1396217248431928,0.04052636964143014,0.03039971712188367,0.0063005124237211305,2.0490449610112402,2.0192349249871584,-0.053128107399102814,-0.607192097562131,0.8519899202592912,"communication,intention,participation,action_type",4,True
60m:2026-05-22T18:00:00+00:00,60,2026-05-22 17:00:00+00:00,2026-05-22 18:00:00+00:00,2026-05-22 18:00:00+00:00,2026-05-22 19:00:00+00:00,2026-05-22 18:00:00+00:00,166,176,79,88,62,70,164,171,16,16,True,True,True,True,0.05175196285482595,0.014713484476672034,0.028164813847759998,0.011687234921957406,0.0,0.02892101992572834,-0.47560213847131333,-0.31400924830219135,-0.1901725917119441,"communication,intention,participation,action_type",4,True
60m:2026-05-22T19:00:00+00:00,60,2026-05-22 18:00:00+00:00,2026-05-22 19:00:00+00:00,2026-05-22 19:00:00+00:00,2026-05-22 20:00:00+00:00,2026-05-22 19:00:00+00:00,176,181,88,85,70,65,171,179,16,16,True,True,True,True,0.041779800108017955,0.024405962415051753,0.05074998004543515,0.017456606107050115,-0.23254199583966248,0.7762638098590318,3.793775564109138,0.0,1.0843743445321268,"communication,intention,participation,action_type",4,True
60m:2026-05-22T20:00:00+00:00,60,2026-05-22 19:00:00+00:00,2026-05-22 20:00:00+00:00,2026-05-22 20:00:00+00:00,2026-05-22 21:00:00+00:00,2026-05-22 20:00:00+00:00,181,194,85,90,65,69,179,190,16,15,True,True,True,True,0.10583212735736526,0.009437048479006928,0.05205197331533628,0.014299318739594585,1.2611014990487592,-0.37792090682089596,4.039897332121538,-0.17184150596695993,1.1878091045956103,"communication,intention,participation,action_type",4,True
90m:2026-05-18T18:00:00+00:00,90,2026-05-18 16:30:00+00:00,2026-05-18 18:00:00+00:00,2026-05-18 18:00:00+00:00,2026-05-18 19:30:00+00:00,2026-05-18 18:00:00+00:00,121,171,49,76,44,88,118,171,15,15,True,True,True,True,0.052682094325372235,0.02666765567453531,0.03258790992072156,0.06806504936609017,-0.3313856692948276,2.1669273481121056,1.0105493857305148,2.8416657717798954,1.421939209081922,"communication,intention,participation,action_type",4,True
90m:2026-05-18T19:30:00+00:00,90,2026-05-18 18:00:00+00:00,2026-05-18 19:30:00+00:00,2026-05-18 19:30:00+00:00,2026-05-18 21:00:00+00:00,2026-05-18 19:30:00+00:00,171,177,76,63,88,96,171,172,15,15,True,True,True,True,0.014635789103395427,0.011027720996321903,0.016001088691750546,0.06936819893310879,-1.816532886632183,0.23813837111696173,-0.678228101934211,2.9249785971789204,0.167088994932372,"communication,intention,participation,action_type",4,True
90m:2026-05-19T18:00:00+00:00,90,2026-05-19 16:30:00+00:00,2026-05-19 18:00:00+00:00,2026-05-19 18:00:00+00:00,2026-05-19 19:30:00+00:00,2026-05-19 18:00:00+00:00,122,174,74,85,43,84,119,174,15,15,True,True,True,True,0.050822611772862264,0.0030800840332464796,0.031562977629593154,0.046820294512652905,-0.4039710444695069,-0.742000925046016,0.9061965048653691,1.483448268167567,0.3109182008793533,"communication,intention,participation,action_type",4,True
90m:2026-05-19T19:30:00+00:00,90,2026-05-19 18:00:00+00:00,2026-05-19 19:30:00+00:00,2026-05-19 19:30:00+00:00,2026-05-19 21:00:00+00:00,2026-05-19 19:30:00+00:00,174,201,85,88,84,100,174,199,15,15,True,True,True,True,0.019791619641525038,0.004174920837287143,0.020745594842453606,0.024417402508968775,-1.6152737280334364,-0.6069805939071746,-0.19516898730413107,0.05118885821643808,-0.591558612757076,"communication,intention,participation,action_type",4,True
90m:2026-05-20T18:00:00+00:00,90,2026-05-20 16:30:00+00:00,2026-05-20 18:00:00+00:00,2026-05-20 18:00:00+00:00,2026-05-20 19:30:00+00:00,2026-05-20 18:00:00+00:00,122,202,66,104,50,87,118,201,16,16,True,True,True,True,0.04685284511911529,0.007869749648264274,0.019689121838325708,0.02709172497197524,-0.5589318971697422,-0.15131724050301257,-0.3027331673882857,0.22216336955429566,-0.19770473387668622,"communication,intention,participation,action_type",4,True
90m:2026-05-20T19:30:00+00:00,90,2026-05-20 18:00:00+00:00,2026-05-20 19:30:00+00:00,2026-05-20 19:30:00+00:00,2026-05-20 21:00:00+00:00,2026-05-20 19:30:00+00:00,202,177,104,79,87,82,201,174,16,16,True,True,True,True,0.08141087546772593,0.002873767289004317,0.018653434205536706,0.017188768896952027,0.7900496217834483,-0.7674448588124496,-0.4081810970646425,-0.4109514096649328,-0.19913193593964418,"communication,intention,participation,action_type",4,True
90m:2026-05-21T18:00:00+00:00,90,2026-05-21 16:30:00+00:00,2026-05-21 18:00:00+00:00,2026-05-21 18:00:00+00:00,2026-05-21 19:30:00+00:00,2026-05-21 18:00:00+00:00,121,171,55,64,58,90,118,168,16,16,True,True,True,True,0.10131481853505034,0.002440450319966046,0.03127149267375974,0.009355248362048346,1.5670051103128044,-0.8208835086931431,0.8765191348250727,-0.911763246695444,0.17771937243732253,"communication,intention,participation,action_type",4,True
90m:2026-05-21T19:30:00+00:00,90,2026-05-21 18:00:00+00:00,2026-05-21 19:30:00+00:00,2026-05-21 19:30:00+00:00,2026-05-21 21:00:00+00:00,2026-05-21 19:30:00+00:00,171,209,64,72,90,113,168,207,16,16,True,True,True,True,0.07149027405130519,0.010323716137477143,0.01607450349230149,0.0029853400270799927,0.40279641803740596,0.1513172405030128,-0.6707534170189794,-1.3190035776216575,-0.3589108340250545,"communication,intention,participation,action_type",4,True
90m:2026-05-22T18:00:00+00:00,90,2026-05-22 16:30:00+00:00,2026-05-22 18:00:00+00:00,2026-05-22 18:00:00+00:00,2026-05-22 19:30:00+00:00,2026-05-22 18:00:00+00:00,167,253,79,119,62,99,164,247,16,16,True,True,True,True,0.0696608829235616,0.011149456437104738,0.02457941324126403,0.016777911979654836,0.3313856692948273,0.25315134790507193,0.19516898730413107,-0.43721827225774645,0.08562193306157097,"communication,intention,participation,action_type",4,True
90m:2026-05-22T19:30:00+00:00,90,2026-05-22 18:00:00+00:00,2026-05-22 19:30:00+00:00,2026-05-22 19:30:00+00:00,2026-05-22 21:00:00+00:00,2026-05-22 19:30:00+00:00,253,298,119,144,99,105,247,293,16,15,True,True,True,True,0.0953126844598981,0.03413830329609359,0.08567642948733552,0.02281604670086989,1.3327102775349553,3.0882421157210076,6.415725908701203,-0.05118885821643808,2.696372360935182,"communication,intention,participation,action_type",4,True
